Time,Node,Type,Destination,Retransmitter,Metric,SeqNumber
+7.90049e+07ns,27,Add Reactive,00:00:00:00:00:01,00:00:00:00:00:01,151,2
+7.90049e+07ns,27,Add Proactive,00:00:00:00:00:01,00:00:00:00:00:01,151,2
+7.94886e+07ns,42,Add Reactive,00:00:00:00:00:01,00:00:00:00:00:1c,302,2
+7.94886e+07ns,42,Add Proactive,00:00:00:00:00:01,00:00:00:00:00:1c,302,2
+7.94888e+07ns,21,Add Reactive,00:00:00:00:00:01,00:00:00:00:00:1c,302,2
+7.94888e+07ns,21,Add Proactive,00:00:00:00:00:01,00:00:00:00:00:1c,302,2
+8.07937e+07ns,26,Add Reactive,00:00:00:00:00:01,00:00:00:00:00:2b,453,2
+8.07937e+07ns,26,Add Proactive,00:00:00:00:00:01,00:00:00:00:00:2b,453,2
+8.12865e+07ns,46,Add Reactive,00:00:00:00:00:01,00:00:00:00:00:1b,604,2
+8.12865e+07ns,46,Add Proactive,00:00:00:00:00:01,00:00:00:00:00:1b,604,2
+2.127e+09ns,42,Add Reactive,00:00:00:00:00:01,00:00:00:00:00:01,151,3
+2.127e+09ns,42,Add Proactive,00:00:00:00:00:01,00:00:00:00:00:01,151,3
+2.127e+09ns,27,Add Reactive,00:00:00:00:00:01,00:00:00:00:00:01,151,3
+2.12806e+09ns,26,Add Reactive,00:00:00:00:00:01,00:00:00:00:00:2b,302,3
+2.12806e+09ns,26,Add Proactive,00:00:00:00:00:01,00:00:00:00:00:2b,302,3
+2.12858e+09ns,46,Add Reactive,00:00:00:00:00:01,00:00:00:00:00:1b,453,3
+2.12858e+09ns,46,Add Proactive,00:00:00:00:00:01,00:00:00:00:00:1b,453,3
+2.12909e+09ns,43,Add Reactive,00:00:00:00:00:01,00:00:00:00:00:2f,604,3
+2.12909e+09ns,43,Add Proactive,00:00:00:00:00:01,00:00:00:00:00:2f,604,3
+4.17501e+09ns,42,Add Reactive,00:00:00:00:00:01,00:00:00:00:00:01,264,4
+4.17501e+09ns,27,Add Reactive,00:00:00:00:00:01,00:00:00:00:00:01,268,4
+4.17609e+09ns,21,Add Reactive,00:00:00:00:00:01,00:00:00:00:00:1c,422,4
+4.17656e+09ns,26,Add Reactive,00:00:00:00:00:01,00:00:00:00:00:2b,415,4
+4.17846e+09ns,46,Add Reactive,00:00:00:00:00:01,00:00:00:00:00:1b,566,4
+4.18072e+09ns,43,Add Reactive,00:00:00:00:00:01,00:00:00:00:00:2f,717,4
+6.223e+09ns,42,Add Reactive,00:00:00:00:00:01,00:00:00:00:00:01,169,5
+6.223e+09ns,27,Add Reactive,00:00:00:00:00:01,00:00:00:00:00:01,169,5
+6.223e+09ns,27,Add Proactive,00:00:00:00:00:01,00:00:00:00:00:01,169,5
+6.22402e+09ns,21,Add Reactive,00:00:00:00:00:01,00:00:00:00:00:2b,320,5
+6.22402e+09ns,21,Add Proactive,00:00:00:00:00:01,00:00:00:00:00:2b,320,5
+6.22402e+09ns,26,Add Reactive,00:00:00:00:00:01,00:00:00:00:00:2b,352,5
+6.22561e+09ns,46,Add Reactive,00:00:00:00:00:01,00:00:00:00:00:1b,503,5
+6.22607e+09ns,43,Add Reactive,00:00:00:00:00:01,00:00:00:00:00:2f,654,5
+8.271e+09ns,42,Add Reactive,00:00:00:00:00:01,00:00:00:00:00:01,353,6
+8.271e+09ns,42,Add Proactive,00:00:00:00:00:01,00:00:00:00:00:01,353,6
+8.271e+09ns,27,Add Reactive,00:00:00:00:00:01,00:00:00:00:00:01,156,6
+8.271e+09ns,27,Add Proactive,00:00:00:00:00:01,00:00:00:00:00:01,156,6
+8.27199e+09ns,21,Add Reactive,00:00:00:00:00:01,00:00:00:00:00:2b,515,6
+8.27199e+09ns,26,Add Reactive,00:00:00:00:00:01,00:00:00:00:00:2b,511,6
+8.27199e+09ns,26,Add Proactive,00:00:00:00:00:01,00:00:00:00:00:2b,511,6
+8.27387e+09ns,46,Add Reactive,00:00:00:00:00:01,00:00:00:00:00:1b,662,6
+8.27387e+09ns,46,Add Proactive,00:00:00:00:00:01,00:00:00:00:00:1b,662,6
+8.2739e+09ns,21,Add Reactive,00:00:00:00:00:01,00:00:00:00:00:1c,307,6
+8.2739e+09ns,21,Add Proactive,00:00:00:00:00:01,00:00:00:00:00:1c,307,6
+8.27436e+09ns,43,Add Reactive,00:00:00:00:00:01,00:00:00:00:00:2f,813,6
+8.27436e+09ns,43,Add Proactive,00:00:00:00:00:01,00:00:00:00:00:2f,813,6
+1.0319e+10ns,42,Add Reactive,00:00:00:00:00:01,00:00:00:00:00:01,167,7
+1.0319e+10ns,42,Add Proactive,00:00:00:00:00:01,00:00:00:00:00:01,167,7
+1.0319e+10ns,27,Add Reactive,00:00:00:00:00:01,00:00:00:00:00:01,152,7
+1.0319e+10ns,27,Add Proactive,00:00:00:00:00:01,00:00:00:00:00:01,152,7
+1.032e+10ns,26,Add Reactive,00:00:00:00:00:01,00:00:00:00:00:2b,319,7
+1.032e+10ns,26,Add Proactive,00:00:00:00:00:01,00:00:00:00:00:2b,319,7
+1.03205e+10ns,46,Add Reactive,00:00:00:00:00:01,00:00:00:00:00:1b,470,7
+1.03205e+10ns,46,Add Proactive,00:00:00:00:00:01,00:00:00:00:00:1b,470,7
+1.03209e+10ns,43,Add Reactive,00:00:00:00:00:01,00:00:00:00:00:2f,621,7
+1.03209e+10ns,43,Add Proactive,00:00:00:00:00:01,00:00:00:00:00:2f,621,7
+1.2367e+10ns,42,Add Reactive,00:00:00:00:00:01,00:00:00:00:00:01,253,8
+1.2367e+10ns,27,Add Reactive,00:00:00:00:00:01,00:00:00:00:00:01,157,8
+1.23688e+10ns,21,Add Reactive,00:00:00:00:00:01,00:00:00:00:00:2b,419,8
+1.23688e+10ns,26,Add Reactive,00:00:00:00:00:01,00:00:00:00:00:2b,404,8
+1.23706e+10ns,21,Add Reactive,00:00:00:00:00:01,00:00:00:00:00:1c,308,8
+1.23707e+10ns,46,Add Reactive,00:00:00:00:00:01,00:00:00:00:00:1b,555,8
+1.23712e+10ns,43,Add Reactive,00:00:00:00:00:01,00:00:00:00:00:2f,706,8
+1.4415e+10ns,42,Add Reactive,00:00:00:00:00:01,00:00:00:00:00:01,170,9
+1.4415e+10ns,27,Add Reactive,00:00:00:00:00:01,00:00:00:00:00:01,161,9
+1.4416e+10ns,21,Add Reactive,00:00:00:00:00:01,00:00:00:00:00:1c,312,9
+1.4416e+10ns,21,Add Proactive,00:00:00:00:00:01,00:00:00:00:00:1c,312,9
+1.4417e+10ns,26,Add Reactive,00:00:00:00:00:01,00:00:00:00:00:2b,331,9
+1.44175e+10ns,46,Add Reactive,00:00:00:00:00:01,00:00:00:00:00:1b,483,9
+1.4418e+10ns,43,Add Reactive,00:00:00:00:00:01,00:00:00:00:00:2f,634,9
+1.6463e+10ns,42,Add Reactive,00:00:00:00:00:01,00:00:00:00:00:01,156,10
+1.6463e+10ns,42,Add Proactive,00:00:00:00:00:01,00:00:00:00:00:01,156,10
+1.6463e+10ns,27,Add Reactive,00:00:00:00:00:01,00:00:00:00:00:01,180,10
+1.6463e+10ns,27,Add Proactive,00:00:00:00:00:01,00:00:00:00:00:01,180,10
+1.64641e+10ns,21,Add Reactive,00:00:00:00:00:01,00:00:00:00:00:2b,597,10
+1.64641e+10ns,26,Add Reactive,00:00:00:00:00:01,00:00:00:00:00:2b,336,10
+1.64641e+10ns,26,Add Proactive,00:00:00:00:00:01,00:00:00:00:00:2b,336,10
+1.64648e+10ns,46,Add Reactive,00:00:00:00:00:01,00:00:00:00:00:1b,508,10
+1.64648e+10ns,46,Add Proactive,00:00:00:00:00:01,00:00:00:00:00:1b,508,10
+1.64653e+10ns,43,Add Reactive,00:00:00:00:00:01,00:00:00:00:00:2f,659,10
+1.64653e+10ns,43,Add Proactive,00:00:00:00:00:01,00:00:00:00:00:2f,659,10
+1.64655e+10ns,21,Add Reactive,00:00:00:00:00:01,00:00:00:00:00:1c,331,10
+1.8511e+10ns,42,Add Reactive,00:00:00:00:00:01,00:00:00:00:00:01,159,11
+1.8511e+10ns,27,Add Reactive,00:00:00:00:00:01,00:00:00:00:00:01,165,11
+1.8511e+10ns,27,Add Proactive,00:00:00:00:00:01,00:00:00:00:00:01,165,11
+1.8512e+10ns,21,Add Reactive,00:00:00:00:00:01,00:00:00:00:00:2b,613,11
+1.8512e+10ns,26,Add Reactive,00:00:00:00:00:01,00:00:00:00:00:2b,326,11
+1.8512e+10ns,26,Add Proactive,00:00:00:00:00:01,00:00:00:00:00:2b,326,11
+1.85134e+10ns,21,Add Reactive,00:00:00:00:00:01,00:00:00:00:00:1c,316,11
+1.85134e+10ns,46,Add Reactive,00:00:00:00:00:01,00:00:00:00:00:1b,480,11
+1.85134e+10ns,46,Add Proactive,00:00:00:00:00:01,00:00:00:00:00:1b,480,11
+1.85139e+10ns,43,Add Reactive,00:00:00:00:00:01,00:00:00:00:00:2f,631,11
+1.85139e+10ns,43,Add Proactive,00:00:00:00:00:01,00:00:00:00:00:2f,631,11
+2.0559e+10ns,42,Add Reactive,00:00:00:00:00:01,00:00:00:00:00:01,239,12
+2.0559e+10ns,27,Add Reactive,00:00:00:00:00:01,00:00:00:00:00:01,160,12
+2.0559e+10ns,27,Add Proactive,00:00:00:00:00:01,00:00:00:00:00:01,160,12
+2.05599e+10ns,21,Add Reactive,00:00:00:00:00:01,00:00:00:00:00:2b,693,12
+2.05599e+10ns,21,Add Proactive,00:00:00:00:00:01,00:00:00:00:00:2b,693,12
+2.05599e+10ns,26,Add Reactive,00:00:00:00:00:01,00:00:00:00:00:2b,398,12
+2.05615e+10ns,21,Add Reactive,00:00:00:00:00:01,00:00:00:00:00:1c,311,12
+2.05615e+10ns,21,Add Proactive,00:00:00:00:00:01,00:00:00:00:00:1c,311,12
+2.05616e+10ns,46,Add Reactive,00:00:00:00:00:01,00:00:00:00:00:1b,549,12
+2.05621e+10ns,43,Add Reactive,00:00:00:00:00:01,00:00:00:00:00:2f,700,12
+2.2607e+10ns,42,Add Reactive,00:00:00:00:00:01,00:00:00:00:00:01,165,13
+2.2607e+10ns,42,Add Proactive,00:00:00:00:00:01,00:00:00:00:00:01,165,13
+2.2607e+10ns,27,Add Reactive,00:00:00:00:00:01,00:00:00:00:00:01,157,13
+2.2607e+10ns,27,Add Proactive,00:00:00:00:00:01,00:00:00:00:00:01,157,13
+2.26079e+10ns,21,Add Reactive,00:00:00:00:00:01,00:00:00:00:00:2b,481,13
+2.26079e+10ns,26,Add Reactive,00:00:00:00:00:01,00:00:00:00:00:2b,328,13
+2.26087e+10ns,21,Add Reactive,00:00:00:00:00:01,00:00:00:00:00:1c,308,13
+2.26087e+10ns,21,Add Proactive,00:00:00:00:00:01,00:00:00:00:00:1c,308,13
+2.26115e+10ns,46,Add Reactive,00:00:00:00:00:01,00:00:00:00:00:1b,479,13
+2.26115e+10ns,46,Add Proactive,00:00:00:00:00:01,00:00:00:00:00:1b,479,13
+2.26136e+10ns,43,Add Reactive,00:00:00:00:00:01,00:00:00:00:00:2f,630,13
+2.26136e+10ns,43,Add Proactive,00:00:00:00:00:01,00:00:00:00:00:2f,630,13
+2.4655e+10ns,42,Add Reactive,00:00:00:00:00:01,00:00:00:00:00:01,160,14
+2.4655e+10ns,42,Add Proactive,00:00:00:00:00:01,00:00:00:00:00:01,160,14
+2.4655e+10ns,27,Add Reactive,00:00:00:00:00:01,00:00:00:00:00:01,157,14
+2.4656e+10ns,21,Add Reactive,00:00:00:00:00:01,00:00:00:00:00:1c,313,14
+2.46565e+10ns,26,Add Reactive,00:00:00:00:00:01,00:00:00:00:00:2b,321,14
+2.46565e+10ns,26,Add Proactive,00:00:00:00:00:01,00:00:00:00:00:2b,321,14
+2.46573e+10ns,46,Add Reactive,00:00:00:00:00:01,00:00:00:00:00:1b,472,14
+2.46573e+10ns,46,Add Proactive,00:00:00:00:00:01,00:00:00:00:00:1b,472,14
+2.466e+10ns,43,Add Reactive,00:00:00:00:00:01,00:00:00:00:00:2f,623,14
+2.466e+10ns,43,Add Proactive,00:00:00:00:00:01,00:00:00:00:00:2f,623,14
+2.6703e+10ns,42,Add Reactive,00:00:00:00:00:01,00:00:00:00:00:01,217,15
+2.6703e+10ns,27,Add Reactive,00:00:00:00:00:01,00:00:00:00:00:01,153,15
+2.6703e+10ns,27,Add Proactive,00:00:00:00:00:01,00:00:00:00:00:01,153,15
+2.67041e+10ns,21,Add Reactive,00:00:00:00:00:01,00:00:00:00:00:2b,521,15
+2.67041e+10ns,26,Add Reactive,00:00:00:00:00:01,00:00:00:00:00:2b,398,15
+2.67048e+10ns,46,Add Reactive,00:00:00:00:00:01,00:00:00:00:00:1b,549,15
+2.67053e+10ns,43,Add Reactive,00:00:00:00:00:01,00:00:00:00:00:2f,700,15
+2.67067e+10ns,21,Add Reactive,00:00:00:00:00:01,00:00:00:00:00:1c,305,15
+2.67067e+10ns,21,Add Proactive,00:00:00:00:00:01,00:00:00:00:00:1c,305,15
+2.8751e+10ns,42,Add Reactive,00:00:00:00:00:01,00:00:00:00:00:01,188,16
+2.8751e+10ns,27,Add Reactive,00:00:00:00:00:01,00:00:00:00:00:01,159,16
+2.8752e+10ns,21,Add Reactive,00:00:00:00:00:01,00:00:00:00:00:1c,310,16
+2.8753e+10ns,26,Add Reactive,00:00:00:00:00:01,00:00:00:00:00:2b,359,16
+2.87535e+10ns,46,Add Reactive,00:00:00:00:00:01,00:00:00:00:00:1b,569,16
+2.87539e+10ns,43,Add Reactive,00:00:00:00:00:01,00:00:00:00:00:2f,720,16
+3.0799e+10ns,42,Add Reactive,00:00:00:00:00:01,00:00:00:00:00:01,184,17
+3.0799e+10ns,42,Add Proactive,00:00:00:00:00:01,00:00:00:00:00:01,184,17
+3.0799e+10ns,27,Add Reactive,00:00:00:00:00:01,00:00:00:00:00:01,159,17
+3.08003e+10ns,21,Add Reactive,00:00:00:00:00:01,00:00:00:00:00:2b,780,17
+3.08003e+10ns,26,Add Reactive,00:00:00:00:00:01,00:00:00:00:00:2b,338,17
+3.08003e+10ns,26,Add Proactive,00:00:00:00:00:01,00:00:00:00:00:2b,338,17
+3.08019e+10ns,46,Add Reactive,00:00:00:00:00:01,00:00:00:00:00:1b,492,17
+3.08019e+10ns,46,Add Proactive,00:00:00:00:00:01,00:00:00:00:00:1b,492,17
+3.08024e+10ns,43,Add Reactive,00:00:00:00:00:01,00:00:00:00:00:2f,643,17
+3.08024e+10ns,43,Add Proactive,00:00:00:00:00:01,00:00:00:00:00:2f,643,17
+3.2847e+10ns,42,Add Reactive,00:00:00:00:00:01,00:00:00:00:00:01,166,18
+3.2847e+10ns,42,Add Proactive,00:00:00:00:00:01,00:00:00:00:00:01,166,18
+3.2847e+10ns,27,Add Reactive,00:00:00:00:00:01,00:00:00:00:00:01,156,18
+3.2847e+10ns,27,Add Proactive,00:00:00:00:00:01,00:00:00:00:00:01,156,18
+3.2848e+10ns,21,Add Reactive,00:00:00:00:00:01,00:00:00:00:00:2b,337,18
+3.2848e+10ns,21,Add Proactive,00:00:00:00:00:01,00:00:00:00:00:2b,337,18
+3.2848e+10ns,26,Add Reactive,00:00:00:00:00:01,00:00:00:00:00:2b,320,18
+3.2848e+10ns,26,Add Proactive,00:00:00:00:00:01,00:00:00:00:00:2b,320,18
+3.28486e+10ns,21,Add Reactive,00:00:00:00:00:01,00:00:00:00:00:1c,307,18
+3.28486e+10ns,21,Add Proactive,00:00:00:00:00:01,00:00:00:00:00:1c,307,18
+3.28498e+10ns,46,Add Reactive,00:00:00:00:00:01,00:00:00:00:00:1b,472,18
+3.28498e+10ns,46,Add Proactive,00:00:00:00:00:01,00:00:00:00:00:1b,472,18
+3.28502e+10ns,43,Add Reactive,00:00:00:00:00:01,00:00:00:00:00:2f,623,18
+3.28502e+10ns,43,Add Proactive,00:00:00:00:00:01,00:00:00:00:00:2f,623,18
+3.4895e+10ns,42,Add Reactive,00:00:00:00:00:01,00:00:00:00:00:01,217,19
+3.4895e+10ns,27,Add Reactive,00:00:00:00:00:01,00:00:00:00:00:01,157,19
+3.4896e+10ns,21,Add Reactive,00:00:00:00:00:01,00:00:00:00:00:1c,308,19
+3.4897e+10ns,26,Add Reactive,00:00:00:00:00:01,00:00:00:00:00:2b,378,19
+3.48976e+10ns,46,Add Reactive,00:00:00:00:00:01,00:00:00:00:00:1b,530,19
+3.4898e+10ns,43,Add Reactive,00:00:00:00:00:01,00:00:00:00:00:2f,681,19
+3.6943e+10ns,42,Add Reactive,00:00:00:00:00:01,00:00:00:00:00:01,161,20
+3.6943e+10ns,42,Add Proactive,00:00:00:00:00:01,00:00:00:00:00:01,161,20
+3.6943e+10ns,27,Add Reactive,00:00:00:00:00:01,00:00:00:00:00:01,153,20
+3.6943e+10ns,27,Add Proactive,00:00:00:00:00:01,00:00:00:00:00:01,153,20
+3.69445e+10ns,21,Add Reactive,00:00:00:00:00:01,00:00:00:00:00:1c,304,20
+3.69445e+10ns,21,Add Proactive,00:00:00:00:00:01,00:00:00:00:00:1c,304,20
+3.69455e+10ns,26,Add Reactive,00:00:00:00:00:01,00:00:00:00:00:2b,314,20
+3.69455e+10ns,26,Add Proactive,00:00:00:00:00:01,00:00:00:00:00:2b,314,20
+3.6946e+10ns,46,Add Reactive,00:00:00:00:00:01,00:00:00:00:00:1b,465,20
+3.6946e+10ns,46,Add Proactive,00:00:00:00:00:01,00:00:00:00:00:1b,465,20
+3.69465e+10ns,43,Add Reactive,00:00:00:00:00:01,00:00:00:00:00:2f,616,20
+3.69465e+10ns,43,Add Proactive,00:00:00:00:00:01,00:00:00:00:00:2f,616,20
+3.8991e+10ns,42,Add Reactive,00:00:00:00:00:01,00:00:00:00:00:01,160,21
+3.8991e+10ns,42,Add Proactive,00:00:00:00:00:01,00:00:00:00:00:01,160,21
+3.8991e+10ns,27,Add Reactive,00:00:00:00:00:01,00:00:00:00:00:01,280,21
+3.89922e+10ns,21,Add Reactive,00:00:00:00:00:01,00:00:00:00:00:1c,431,21
+3.89933e+10ns,21,Add Reactive,00:00:00:00:00:01,00:00:00:00:00:2b,373,21
+3.89933e+10ns,26,Add Reactive,00:00:00:00:00:01,00:00:00:00:00:2b,311,21
+3.89933e+10ns,26,Add Proactive,00:00:00:00:00:01,00:00:00:00:00:2b,311,21
+3.89952e+10ns,46,Add Reactive,00:00:00:00:00:01,00:00:00:00:00:1b,462,21
+3.89952e+10ns,46,Add Proactive,00:00:00:00:00:01,00:00:00:00:00:1b,462,21
+3.89957e+10ns,43,Add Reactive,00:00:00:00:00:01,00:00:00:00:00:2f,613,21
+3.89957e+10ns,43,Add Proactive,00:00:00:00:00:01,00:00:00:00:00:2f,613,21
+4.1039e+10ns,42,Add Reactive,00:00:00:00:00:01,00:00:00:00:00:01,160,22
+4.1039e+10ns,27,Add Reactive,00:00:00:00:00:01,00:00:00:00:00:01,166,22
+4.10401e+10ns,21,Add Reactive,00:00:00:00:00:01,00:00:00:00:00:1c,317,22
+4.1041e+10ns,26,Add Reactive,00:00:00:00:00:01,00:00:00:00:00:2b,319,22
+4.10415e+10ns,46,Add Reactive,00:00:00:00:00:01,00:00:00:00:00:1b,470,22
+4.1042e+10ns,43,Add Reactive,00:00:00:00:00:01,00:00:00:00:00:2f,621,22
+4.3087e+10ns,42,Add Reactive,00:00:00:00:00:01,00:00:00:00:00:01,154,23
+4.3087e+10ns,42,Add Proactive,00:00:00:00:00:01,00:00:00:00:00:01,154,23
+4.3087e+10ns,27,Add Reactive,00:00:00:00:00:01,00:00:00:00:00:01,187,23
+4.3087e+10ns,27,Add Proactive,00:00:00:00:00:01,00:00:00:00:00:01,187,23
+4.3088e+10ns,21,Add Reactive,00:00:00:00:00:01,00:00:00:00:00:1c,338,23
+4.3088e+10ns,21,Add Proactive,00:00:00:00:00:01,00:00:00:00:00:1c,338,23
+4.3089e+10ns,21,Add Reactive,00:00:00:00:00:01,00:00:00:00:00:2b,318,23
+4.3089e+10ns,21,Add Proactive,00:00:00:00:00:01,00:00:00:00:00:2b,318,23
+4.3089e+10ns,26,Add Reactive,00:00:00:00:00:01,00:00:00:00:00:2b,367,23
+4.30906e+10ns,46,Add Reactive,00:00:00:00:00:01,00:00:00:00:00:1b,518,23
+4.30911e+10ns,43,Add Reactive,00:00:00:00:00:01,00:00:00:00:00:2f,669,23
+4.5135e+10ns,42,Add Reactive,00:00:00:00:00:01,00:00:00:00:00:01,155,24
+4.5135e+10ns,27,Add Reactive,00:00:00:00:00:01,00:00:00:00:00:01,167,24
+4.5135e+10ns,27,Add Proactive,00:00:00:00:00:01,00:00:00:00:00:01,167,24
+4.5136e+10ns,21,Add Reactive,00:00:00:00:00:01,00:00:00:00:00:2b,319,24
+4.5136e+10ns,26,Add Reactive,00:00:00:00:00:01,00:00:00:00:00:2b,323,24
+4.5136e+10ns,26,Add Proactive,00:00:00:00:00:01,00:00:00:00:00:2b,323,24
+4.51367e+10ns,21,Add Reactive,00:00:00:00:00:01,00:00:00:00:00:1c,318,24
+4.51393e+10ns,46,Add Reactive,00:00:00:00:00:01,00:00:00:00:00:1b,474,24
+4.51393e+10ns,46,Add Proactive,00:00:00:00:00:01,00:00:00:00:00:1b,474,24
+4.51398e+10ns,43,Add Reactive,00:00:00:00:00:01,00:00:00:00:00:2f,625,24
+4.51398e+10ns,43,Add Proactive,00:00:00:00:00:01,00:00:00:00:00:2f,625,24
+4.7183e+10ns,42,Add Reactive,00:00:00:00:00:01,00:00:00:00:00:01,152,25
+4.7183e+10ns,42,Add Proactive,00:00:00:00:00:01,00:00:00:00:00:01,152,25
+4.7183e+10ns,27,Add Reactive,00:00:00:00:00:01,00:00:00:00:00:01,160,25
+4.7183e+10ns,27,Add Proactive,00:00:00:00:00:01,00:00:00:00:00:01,160,25
+4.7184e+10ns,21,Add Reactive,00:00:00:00:00:01,00:00:00:00:00:2b,318,25
+4.7184e+10ns,26,Add Reactive,00:00:00:00:00:01,00:00:00:00:00:2b,339,25
+4.71849e+10ns,21,Add Reactive,00:00:00:00:00:01,00:00:00:00:00:1c,311,25
+4.71849e+10ns,21,Add Proactive,00:00:00:00:00:01,00:00:00:00:00:1c,311,25
+4.71881e+10ns,46,Add Reactive,00:00:00:00:00:01,00:00:00:00:00:1b,490,25
+4.71904e+10ns,43,Add Reactive,00:00:00:00:00:01,00:00:00:00:00:2f,641,25
+4.9231e+10ns,42,Add Reactive,00:00:00:00:00:01,00:00:00:00:00:01,155,26
+4.9231e+10ns,27,Add Reactive,00:00:00:00:00:01,00:00:00:00:00:01,158,26
+4.9231e+10ns,27,Add Proactive,00:00:00:00:00:01,00:00:00:00:00:01,158,26
+4.9232e+10ns,21,Add Reactive,00:00:00:00:00:01,00:00:00:00:00:2b,526,26
+4.9232e+10ns,26,Add Reactive,00:00:00:00:00:01,00:00:00:00:00:2b,321,26
+4.9232e+10ns,26,Add Proactive,00:00:00:00:00:01,00:00:00:00:00:2b,321,26
+4.92334e+10ns,21,Add Reactive,00:00:00:00:00:01,00:00:00:00:00:1c,309,26
+4.92334e+10ns,21,Add Proactive,00:00:00:00:00:01,00:00:00:00:00:1c,309,26
+4.92337e+10ns,46,Add Reactive,00:00:00:00:00:01,00:00:00:00:00:1b,472,26
+4.92337e+10ns,46,Add Proactive,00:00:00:00:00:01,00:00:00:00:00:1b,472,26
+4.92341e+10ns,43,Add Reactive,00:00:00:00:00:01,00:00:00:00:00:2f,623,26
+4.92341e+10ns,43,Add Proactive,00:00:00:00:00:01,00:00:00:00:00:2f,623,26
+5.1279e+10ns,42,Add Reactive,00:00:00:00:00:01,00:00:00:00:00:01,163,27
+5.1279e+10ns,27,Add Reactive,00:00:00:00:00:01,00:00:00:00:00:01,161,27
+5.12799e+10ns,21,Add Reactive,00:00:00:00:00:01,00:00:00:00:00:1c,312,27
+5.12809e+10ns,26,Add Reactive,00:00:00:00:00:01,00:00:00:00:00:2b,321,27
+5.12814e+10ns,46,Add Reactive,00:00:00:00:00:01,00:00:00:00:00:1b,472,27
+5.12819e+10ns,43,Add Reactive,00:00:00:00:00:01,00:00:00:00:00:2f,623,27
+5.3327e+10ns,42,Add Reactive,00:00:00:00:00:01,00:00:00:00:00:01,154,28
+5.3327e+10ns,42,Add Proactive,00:00:00:00:00:01,00:00:00:00:00:01,154,28
+5.3327e+10ns,27,Add Reactive,00:00:00:00:00:01,00:00:00:00:00:01,155,28
+5.3327e+10ns,27,Add Proactive,00:00:00:00:00:01,00:00:00:00:00:01,155,28
+5.3328e+10ns,21,Add Reactive,00:00:00:00:00:01,00:00:00:00:00:1c,306,28
+5.3328e+10ns,21,Add Proactive,00:00:00:00:00:01,00:00:00:00:00:1c,306,28
+5.3329e+10ns,26,Add Reactive,00:00:00:00:00:01,00:00:00:00:00:2b,326,28
+5.33295e+10ns,46,Add Reactive,00:00:00:00:00:01,00:00:00:00:00:1b,477,28
+5.333e+10ns,43,Add Reactive,00:00:00:00:00:01,00:00:00:00:00:2f,628,28
+5.5375e+10ns,42,Add Reactive,00:00:00:00:00:01,00:00:00:00:00:01,212,29
+5.5375e+10ns,27,Add Reactive,00:00:00:00:00:01,00:00:00:00:00:01,160,29
+5.5376e+10ns,21,Add Reactive,00:00:00:00:00:01,00:00:00:00:00:1c,372,29
+5.5377e+10ns,26,Add Reactive,00:00:00:00:00:01,00:00:00:00:00:2b,366,29
+5.5377e+10ns,26,Add Proactive,00:00:00:00:00:01,00:00:00:00:00:2b,366,29
+5.53775e+10ns,46,Add Reactive,00:00:00:00:00:01,00:00:00:00:00:1b,517,29
+5.53775e+10ns,46,Add Proactive,00:00:00:00:00:01,00:00:00:00:00:1b,517,29
+5.5378e+10ns,43,Add Reactive,00:00:00:00:00:01,00:00:00:00:00:2f,668,29
+5.5378e+10ns,43,Add Proactive,00:00:00:00:00:01,00:00:00:00:00:2f,668,29
+5.7423e+10ns,42,Add Reactive,00:00:00:00:00:01,00:00:00:00:00:01,163,30
+5.7423e+10ns,27,Add Reactive,00:00:00:00:00:01,00:00:00:00:00:01,159,30
+5.7424e+10ns,21,Add Reactive,00:00:00:00:00:01,00:00:00:00:00:1c,313,30
+5.74249e+10ns,26,Add Reactive,00:00:00:00:00:01,00:00:00:00:00:2b,314,30
+5.74249e+10ns,26,Add Proactive,00:00:00:00:00:01,00:00:00:00:00:2b,314,30
+5.74254e+10ns,46,Add Reactive,00:00:00:00:00:01,00:00:00:00:00:1b,465,30
+5.74254e+10ns,46,Add Proactive,00:00:00:00:00:01,00:00:00:00:00:1b,465,30
+5.74259e+10ns,43,Add Reactive,00:00:00:00:00:01,00:00:00:00:00:2f,616,30
+5.74259e+10ns,43,Add Proactive,00:00:00:00:00:01,00:00:00:00:00:2f,616,30
+5.9471e+10ns,42,Add Reactive,00:00:00:00:00:01,00:00:00:00:00:01,162,31
+5.9471e+10ns,42,Add Proactive,00:00:00:00:00:01,00:00:00:00:00:01,162,31
+5.9471e+10ns,27,Add Reactive,00:00:00:00:00:01,00:00:00:00:00:01,157,31
+5.9471e+10ns,27,Add Proactive,00:00:00:00:00:01,00:00:00:00:00:01,157,31
+5.9472e+10ns,21,Add Reactive,00:00:00:00:00:01,00:00:00:00:00:1c,309,31
+5.9472e+10ns,21,Add Proactive,00:00:00:00:00:01,00:00:00:00:00:1c,309,31
+5.94731e+10ns,26,Add Reactive,00:00:00:00:00:01,00:00:00:00:00:2b,313,31
+5.94731e+10ns,26,Add Proactive,00:00:00:00:00:01,00:00:00:00:00:2b,313,31
+5.94735e+10ns,46,Add Reactive,00:00:00:00:00:01,00:00:00:00:00:1b,465,31
+5.9474e+10ns,43,Add Reactive,00:00:00:00:00:01,00:00:00:00:00:2f,616,31
+6.1519e+10ns,42,Add Reactive,00:00:00:00:00:01,00:00:00:00:00:01,214,32
+6.1519e+10ns,27,Add Reactive,00:00:00:00:00:01,00:00:00:00:00:01,156,32
+6.1519e+10ns,27,Add Proactive,00:00:00:00:00:01,00:00:00:00:00:01,156,32
+6.152e+10ns,21,Add Reactive,00:00:00:00:00:01,00:00:00:00:00:2b,524,32
+6.152e+10ns,26,Add Reactive,00:00:00:00:00:01,00:00:00:00:00:2b,389,32
+6.15215e+10ns,46,Add Reactive,00:00:00:00:00:01,00:00:00:00:00:1b,544,32
+6.15216e+10ns,21,Add Reactive,00:00:00:00:00:01,00:00:00:00:00:1c,307,32
+6.15216e+10ns,21,Add Proactive,00:00:00:00:00:01,00:00:00:00:00:1c,307,32
+6.15219e+10ns,43,Add Reactive,00:00:00:00:00:01,00:00:00:00:00:2f,695,32
+6.3567e+10ns,42,Add Reactive,00:00:00:00:00:01,00:00:00:00:00:01,186,33
+6.3567e+10ns,27,Add Reactive,00:00:00:00:00:01,00:00:00:00:00:01,157,33
+6.35685e+10ns,21,Add Reactive,00:00:00:00:00:01,00:00:00:00:00:2b,488,33
+6.35685e+10ns,26,Add Reactive,00:00:00:00:00:01,00:00:00:00:00:2b,341,33
+6.35701e+10ns,21,Add Reactive,00:00:00:00:00:01,00:00:00:00:00:1c,308,33
+6.35703e+10ns,46,Add Reactive,00:00:00:00:00:01,00:00:00:00:00:1b,493,33
+6.35703e+10ns,46,Add Proactive,00:00:00:00:00:01,00:00:00:00:00:1b,493,33
+6.35708e+10ns,43,Add Reactive,00:00:00:00:00:01,00:00:00:00:00:2f,644,33
+6.35708e+10ns,43,Add Proactive,00:00:00:00:00:01,00:00:00:00:00:2f,644,33
+6.5615e+10ns,42,Add Reactive,00:00:00:00:00:01,00:00:00:00:00:01,172,34
+6.5615e+10ns,42,Add Proactive,00:00:00:00:00:01,00:00:00:00:00:01,172,34
+6.5615e+10ns,27,Add Reactive,00:00:00:00:00:01,00:00:00:00:00:01,163,34
+6.56159e+10ns,21,Add Reactive,00:00:00:00:00:01,00:00:00:00:00:1c,314,34
+6.5617e+10ns,26,Add Reactive,00:00:00:00:00:01,00:00:00:00:00:2b,331,34
+6.5617e+10ns,26,Add Proactive,00:00:00:00:00:01,00:00:00:00:00:2b,331,34
+6.56175e+10ns,46,Add Reactive,00:00:00:00:00:01,00:00:00:00:00:1b,482,34
+6.56175e+10ns,46,Add Proactive,00:00:00:00:00:01,00:00:00:00:00:1b,482,34
+6.5618e+10ns,43,Add Reactive,00:00:00:00:00:01,00:00:00:00:00:2f,633,34
+6.5618e+10ns,43,Add Proactive,00:00:00:00:00:01,00:00:00:00:00:2f,633,34
+6.7663e+10ns,42,Add Reactive,00:00:00:00:00:01,00:00:00:00:00:01,160,35
+6.7663e+10ns,42,Add Proactive,00:00:00:00:00:01,00:00:00:00:00:01,160,35
+6.7663e+10ns,27,Add Reactive,00:00:00:00:00:01,00:00:00:00:00:01,159,35
+6.7663e+10ns,27,Add Proactive,00:00:00:00:00:01,00:00:00:00:00:01,159,35
+6.76642e+10ns,21,Add Reactive,00:00:00:00:00:01,00:00:00:00:00:1c,310,35
+6.76642e+10ns,21,Add Proactive,00:00:00:00:00:01,00:00:00:00:00:1c,310,35
+6.76652e+10ns,26,Add Reactive,00:00:00:00:00:01,00:00:00:00:00:2b,312,35
+6.76652e+10ns,26,Add Proactive,00:00:00:00:00:01,00:00:00:00:00:2b,312,35
+6.76657e+10ns,46,Add Reactive,00:00:00:00:00:01,00:00:00:00:00:1b,522,35
+6.76662e+10ns,43,Add Reactive,00:00:00:00:00:01,00:00:00:00:00:2f,673,35
+6.9711e+10ns,42,Add Reactive,00:00:00:00:00:01,00:00:00:00:00:01,156,36
+6.9711e+10ns,42,Add Proactive,00:00:00:00:00:01,00:00:00:00:00:01,156,36
+6.9711e+10ns,27,Add Reactive,00:00:00:00:00:01,00:00:00:00:00:01,157,36
+6.9711e+10ns,27,Add Proactive,00:00:00:00:00:01,00:00:00:00:00:01,157,36
+6.9712e+10ns,21,Add Reactive,00:00:00:00:00:01,00:00:00:00:00:1c,308,36
+6.9712e+10ns,21,Add Proactive,00:00:00:00:00:01,00:00:00:00:00:1c,308,36
+6.9713e+10ns,26,Add Reactive,00:00:00:00:00:01,00:00:00:00:00:2b,314,36
+6.97135e+10ns,46,Add Reactive,00:00:00:00:00:01,00:00:00:00:00:1b,473,36
+6.97135e+10ns,46,Add Proactive,00:00:00:00:00:01,00:00:00:00:00:1b,473,36
+6.9714e+10ns,43,Add Reactive,00:00:00:00:00:01,00:00:00:00:00:2f,624,36
+6.9714e+10ns,43,Add Proactive,00:00:00:00:00:01,00:00:00:00:00:2f,624,36
+7.1759e+10ns,42,Add Reactive,00:00:00:00:00:01,00:00:00:00:00:01,158,37
+7.1759e+10ns,27,Add Reactive,00:00:00:00:00:01,00:00:00:00:00:01,156,37
+7.1759e+10ns,27,Add Proactive,00:00:00:00:00:01,00:00:00:00:00:01,156,37
+7.176e+10ns,21,Add Reactive,00:00:00:00:00:01,00:00:00:00:00:1c,307,37
+7.176e+10ns,21,Add Proactive,00:00:00:00:00:01,00:00:00:00:00:1c,307,37
+7.1761e+10ns,26,Add Reactive,00:00:00:00:00:01,00:00:00:00:00:2b,313,37
+7.17615e+10ns,46,Add Reactive,00:00:00:00:00:01,00:00:00:00:00:1b,465,37
+7.17615e+10ns,46,Add Proactive,00:00:00:00:00:01,00:00:00:00:00:1b,465,37
+7.1762e+10ns,43,Add Reactive,00:00:00:00:00:01,00:00:00:00:00:2f,616,37
+7.1762e+10ns,43,Add Proactive,00:00:00:00:00:01,00:00:00:00:00:2f,616,37
+7.3807e+10ns,42,Add Reactive,00:00:00:00:00:01,00:00:00:00:00:01,178,38
+7.3807e+10ns,27,Add Reactive,00:00:00:00:00:01,00:00:00:00:00:01,152,38
+7.3807e+10ns,27,Add Proactive,00:00:00:00:00:01,00:00:00:00:00:01,152,38
+7.38081e+10ns,21,Add Reactive,00:00:00:00:00:01,00:00:00:00:00:1c,303,38
+7.38081e+10ns,21,Add Proactive,00:00:00:00:00:01,00:00:00:00:00:1c,303,38
+7.3809e+10ns,26,Add Reactive,00:00:00:00:00:01,00:00:00:00:00:2b,330,38
+7.3809e+10ns,26,Add Proactive,00:00:00:00:00:01,00:00:00:00:00:2b,330,38
+7.38095e+10ns,46,Add Reactive,00:00:00:00:00:01,00:00:00:00:00:1b,502,38
+7.381e+10ns,43,Add Reactive,00:00:00:00:00:01,00:00:00:00:00:2f,653,38
+7.5855e+10ns,42,Add Reactive,00:00:00:00:00:01,00:00:00:00:00:01,160,39
+7.5855e+10ns,42,Add Proactive,00:00:00:00:00:01,00:00:00:00:00:01,160,39
+7.5855e+10ns,27,Add Reactive,00:00:00:00:00:01,00:00:00:00:00:01,157,39
+7.5856e+10ns,21,Add Reactive,00:00:00:00:00:01,00:00:00:00:00:1c,308,39
+7.5857e+10ns,26,Add Reactive,00:00:00:00:00:01,00:00:00:00:00:2b,312,39
+7.5857e+10ns,26,Add Proactive,00:00:00:00:00:01,00:00:00:00:00:2b,312,39
+7.58575e+10ns,46,Add Reactive,00:00:00:00:00:01,00:00:00:00:00:1b,466,39
+7.5858e+10ns,43,Add Reactive,00:00:00:00:00:01,00:00:00:00:00:2f,617,39
+7.7903e+10ns,42,Add Reactive,00:00:00:00:00:01,00:00:00:00:00:01,157,40
+7.7903e+10ns,42,Add Proactive,00:00:00:00:00:01,00:00:00:00:00:01,157,40
+7.7903e+10ns,27,Add Reactive,00:00:00:00:00:01,00:00:00:00:00:01,158,40
+7.79042e+10ns,26,Add Reactive,00:00:00:00:00:01,00:00:00:00:00:2b,308,40
+7.79042e+10ns,26,Add Proactive,00:00:00:00:00:01,00:00:00:00:00:2b,308,40
+7.79047e+10ns,46,Add Reactive,00:00:00:00:00:01,00:00:00:00:00:1b,459,40
+7.79047e+10ns,46,Add Proactive,00:00:00:00:00:01,00:00:00:00:00:1b,459,40
+7.79052e+10ns,43,Add Reactive,00:00:00:00:00:01,00:00:00:00:00:2f,610,40
+7.79052e+10ns,43,Add Proactive,00:00:00:00:00:01,00:00:00:00:00:2f,610,40
+7.9951e+10ns,42,Add Reactive,00:00:00:00:00:01,00:00:00:00:00:01,154,41
+7.9951e+10ns,42,Add Proactive,00:00:00:00:00:01,00:00:00:00:00:01,154,41
+7.9951e+10ns,27,Add Reactive,00:00:00:00:00:01,00:00:00:00:00:01,156,41
+7.9951e+10ns,27,Add Proactive,00:00:00:00:00:01,00:00:00:00:00:01,156,41
+7.9952e+10ns,21,Add Reactive,00:00:00:00:00:01,00:00:00:00:00:2b,456,41
+7.9952e+10ns,21,Add Proactive,00:00:00:00:00:01,00:00:00:00:00:2b,456,41
+7.9952e+10ns,26,Add Reactive,00:00:00:00:00:01,00:00:00:00:00:2b,311,41
+7.99534e+10ns,21,Add Reactive,00:00:00:00:00:01,00:00:00:00:00:1c,307,41
+7.99534e+10ns,21,Add Proactive,00:00:00:00:00:01,00:00:00:00:00:1c,307,41
+7.99536e+10ns,46,Add Reactive,00:00:00:00:00:01,00:00:00:00:00:1b,462,41
+7.99541e+10ns,43,Add Reactive,00:00:00:00:00:01,00:00:00:00:00:2f,613,41
+8.1999e+10ns,42,Add Reactive,00:00:00:00:00:01,00:00:00:00:00:01,244,42
+8.1999e+10ns,27,Add Reactive,00:00:00:00:00:01,00:00:00:00:00:01,155,42
+8.1999e+10ns,27,Add Proactive,00:00:00:00:00:01,00:00:00:00:00:01,155,42
+8.2e+10ns,21,Add Reactive,00:00:00:00:00:01,00:00:00:00:00:2b,546,42
+8.2e+10ns,26,Add Reactive,00:00:00:00:00:01,00:00:00:00:00:2b,411,42
+8.20016e+10ns,21,Add Reactive,00:00:00:00:00:01,00:00:00:00:00:1c,306,42
+8.20016e+10ns,21,Add Proactive,00:00:00:00:00:01,00:00:00:00:00:1c,306,42
+8.20016e+10ns,46,Add Reactive,00:00:00:00:00:01,00:00:00:00:00:1b,562,42
+8.2002e+10ns,43,Add Reactive,00:00:00:00:00:01,00:00:00:00:00:2f,713,42
+8.4047e+10ns,42,Add Reactive,00:00:00:00:00:01,00:00:00:00:00:01,165,43
+8.4047e+10ns,27,Add Reactive,00:00:00:00:00:01,00:00:00:00:00:01,152,43
+8.4047e+10ns,27,Add Proactive,00:00:00:00:00:01,00:00:00:00:00:01,152,43
+8.4048e+10ns,21,Add Reactive,00:00:00:00:00:01,00:00:00:00:00:2b,591,43
+8.4048e+10ns,26,Add Reactive,00:00:00:00:00:01,00:00:00:00:00:2b,324,43
+8.4048e+10ns,26,Add Proactive,00:00:00:00:00:01,00:00:00:00:00:2b,324,43
+8.40487e+10ns,46,Add Reactive,00:00:00:00:00:01,00:00:00:00:00:1b,475,43
+8.40487e+10ns,46,Add Proactive,00:00:00:00:00:01,00:00:00:00:00:1b,475,43
+8.40495e+10ns,43,Add Reactive,00:00:00:00:00:01,00:00:00:00:00:2f,626,43
+8.40495e+10ns,43,Add Proactive,00:00:00:00:00:01,00:00:00:00:00:2f,626,43
+8.405e+10ns,21,Add Reactive,00:00:00:00:00:01,00:00:00:00:00:1c,303,43
+8.405e+10ns,21,Add Proactive,00:00:00:00:00:01,00:00:00:00:00:1c,303,43
+8.6095e+10ns,42,Add Reactive,00:00:00:00:00:01,00:00:00:00:00:01,157,44
+8.6095e+10ns,42,Add Proactive,00:00:00:00:00:01,00:00:00:00:00:01,157,44
+8.6095e+10ns,27,Add Reactive,00:00:00:00:00:01,00:00:00:00:00:01,156,44
+8.6096e+10ns,21,Add Reactive,00:00:00:00:00:01,00:00:00:00:00:1c,307,44
+8.60964e+10ns,26,Add Reactive,00:00:00:00:00:01,00:00:00:00:00:2b,313,44
+8.60964e+10ns,26,Add Proactive,00:00:00:00:00:01,00:00:00:00:00:2b,313,44
+8.60972e+10ns,46,Add Reactive,00:00:00:00:00:01,00:00:00:00:00:1b,469,44
+8.60972e+10ns,46,Add Proactive,00:00:00:00:00:01,00:00:00:00:00:1b,469,44
+8.60981e+10ns,43,Add Reactive,00:00:00:00:00:01,00:00:00:00:00:2f,620,44
+8.60981e+10ns,43,Add Proactive,00:00:00:00:00:01,00:00:00:00:00:2f,620,44
+8.8143e+10ns,42,Add Reactive,00:00:00:00:00:01,00:00:00:00:00:01,157,45
+8.8143e+10ns,27,Add Reactive,00:00:00:00:00:01,00:00:00:00:00:01,219,45
+8.81442e+10ns,26,Add Reactive,00:00:00:00:00:01,00:00:00:00:00:2b,315,45
+8.81446e+10ns,46,Add Reactive,00:00:00:00:00:01,00:00:00:00:00:1b,488,45
+8.81451e+10ns,43,Add Reactive,00:00:00:00:00:01,00:00:00:00:00:2f,639,45
+9.0191e+10ns,42,Add Reactive,00:00:00:00:00:01,00:00:00:00:00:01,153,46
+9.0191e+10ns,42,Add Proactive,00:00:00:00:00:01,00:00:00:00:00:01,153,46
+9.0191e+10ns,27,Add Reactive,00:00:00:00:00:01,00:00:00:00:00:01,163,46
+9.0191e+10ns,27,Add Proactive,00:00:00:00:00:01,00:00:00:00:00:01,163,46
+9.0192e+10ns,21,Add Reactive,00:00:00:00:00:01,00:00:00:00:00:2b,841,46
+9.0192e+10ns,21,Add Proactive,00:00:00:00:00:01,00:00:00:00:00:2b,841,46
+9.0192e+10ns,26,Add Reactive,00:00:00:00:00:01,00:00:00:00:00:2b,305,46
+9.0192e+10ns,26,Add Proactive,00:00:00:00:00:01,00:00:00:00:00:2b,305,46
+9.01932e+10ns,21,Add Reactive,00:00:00:00:00:01,00:00:00:00:00:1c,314,46
+9.01932e+10ns,21,Add Proactive,00:00:00:00:00:01,00:00:00:00:00:1c,314,46
+9.01942e+10ns,46,Add Reactive,00:00:00:00:00:01,00:00:00:00:00:1b,460,46
+9.01942e+10ns,46,Add Proactive,00:00:00:00:00:01,00:00:00:00:00:1b,460,46
+9.01946e+10ns,43,Add Reactive,00:00:00:00:00:01,00:00:00:00:00:2f,611,46
+9.01946e+10ns,43,Add Proactive,00:00:00:00:00:01,00:00:00:00:00:2f,611,46
+9.2239e+10ns,42,Add Reactive,00:00:00:00:00:01,00:00:00:00:00:01,167,47
+9.2239e+10ns,27,Add Reactive,00:00:00:00:00:01,00:00:00:00:00:01,163,47
+9.22401e+10ns,21,Add Reactive,00:00:00:00:00:01,00:00:00:00:00:1c,323,47
+9.22411e+10ns,26,Add Reactive,00:00:00:00:00:01,00:00:00:00:00:2b,335,47
+9.22416e+10ns,46,Add Reactive,00:00:00:00:00:01,00:00:00:00:00:1b,547,47
+9.2242e+10ns,43,Add Reactive,00:00:00:00:00:01,00:00:00:00:00:2f,698,47
+9.4287e+10ns,42,Add Reactive,00:00:00:00:00:01,00:00:00:00:00:01,160,48
+9.4287e+10ns,27,Add Reactive,00:00:00:00:00:01,00:00:00:00:00:01,163,48
+9.42879e+10ns,21,Add Reactive,00:00:00:00:00:01,00:00:00:00:00:2b,463,48
+9.42879e+10ns,26,Add Reactive,00:00:00:00:00:01,00:00:00:00:00:2b,314,48
+9.42887e+10ns,21,Add Reactive,00:00:00:00:00:01,00:00:00:00:00:1c,315,48
+9.42896e+10ns,46,Add Reactive,00:00:00:00:00:01,00:00:00:00:00:1b,468,48
+9.429e+10ns,43,Add Reactive,00:00:00:00:00:01,00:00:00:00:00:2f,619,48
+9.6335e+10ns,42,Add Reactive,00:00:00:00:00:01,00:00:00:00:00:01,217,49
+9.6335e+10ns,42,Add Proactive,00:00:00:00:00:01,00:00:00:00:00:01,217,49
+9.6335e+10ns,27,Add Reactive,00:00:00:00:00:01,00:00:00:00:00:01,157,49
+9.6335e+10ns,27,Add Proactive,00:00:00:00:00:01,00:00:00:00:00:01,157,49
+9.63362e+10ns,21,Add Reactive,00:00:00:00:00:01,00:00:00:00:00:1c,313,49
+9.63362e+10ns,21,Add Proactive,00:00:00:00:00:01,00:00:00:00:00:1c,313,49
+9.63373e+10ns,26,Add Reactive,00:00:00:00:00:01,00:00:00:00:00:2b,489,49
+9.63373e+10ns,26,Add Proactive,00:00:00:00:00:01,00:00:00:00:00:2b,489,49
+9.63377e+10ns,46,Add Reactive,00:00:00:00:00:01,00:00:00:00:00:1b,641,49
+9.63377e+10ns,46,Add Proactive,00:00:00:00:00:01,00:00:00:00:00:1b,641,49
+9.63382e+10ns,43,Add Reactive,00:00:00:00:00:01,00:00:00:00:00:2f,792,49
+9.63382e+10ns,43,Add Proactive,00:00:00:00:00:01,00:00:00:00:00:2f,792,49
+9.8383e+10ns,42,Add Reactive,00:00:00:00:00:01,00:00:00:00:00:01,164,50
+9.8383e+10ns,42,Add Proactive,00:00:00:00:00:01,00:00:00:00:00:01,164,50
+9.8383e+10ns,27,Add Reactive,00:00:00:00:00:01,00:00:00:00:00:01,158,50
+9.83839e+10ns,21,Add Reactive,00:00:00:00:00:01,00:00:00:00:00:1c,309,50
+9.83839e+10ns,21,Add Proactive,00:00:00:00:00:01,00:00:00:00:00:1c,309,50
+9.83849e+10ns,26,Add Reactive,00:00:00:00:00:01,00:00:00:00:00:2b,323,50
+9.83849e+10ns,26,Add Proactive,00:00:00:00:00:01,00:00:00:00:00:2b,323,50
+9.83854e+10ns,46,Add Reactive,00:00:00:00:00:01,00:00:00:00:00:1b,474,50
+9.83854e+10ns,46,Add Proactive,00:00:00:00:00:01,00:00:00:00:00:1b,474,50
+9.83858e+10ns,43,Add Reactive,00:00:00:00:00:01,00:00:00:00:00:2f,625,50
+9.83858e+10ns,43,Add Proactive,00:00:00:00:00:01,00:00:00:00:00:2f,625,50
+1.00431e+11ns,42,Add Reactive,00:00:00:00:00:01,00:00:00:00:00:01,154,51
+1.00431e+11ns,42,Add Proactive,00:00:00:00:00:01,00:00:00:00:00:01,154,51
+1.00431e+11ns,27,Add Reactive,00:00:00:00:00:01,00:00:00:00:00:01,153,51
+1.00431e+11ns,27,Add Proactive,00:00:00:00:00:01,00:00:00:00:00:01,153,51
+1.00432e+11ns,21,Add Reactive,00:00:00:00:00:01,00:00:00:00:00:2b,456,51
+1.00432e+11ns,26,Add Reactive,00:00:00:00:00:01,00:00:00:00:00:2b,306,51
+1.00432e+11ns,26,Add Proactive,00:00:00:00:00:01,00:00:00:00:00:2b,306,51
+1.00433e+11ns,21,Add Reactive,00:00:00:00:00:01,00:00:00:00:00:1c,304,51
+1.00433e+11ns,21,Add Proactive,00:00:00:00:00:01,00:00:00:00:00:1c,304,51
+1.00434e+11ns,46,Add Reactive,00:00:00:00:00:01,00:00:00:00:00:1b,457,51
+1.00434e+11ns,46,Add Proactive,00:00:00:00:00:01,00:00:00:00:00:1b,457,51
+1.00434e+11ns,43,Add Reactive,00:00:00:00:00:01,00:00:00:00:00:2f,608,51
+1.00434e+11ns,43,Add Proactive,00:00:00:00:00:01,00:00:00:00:00:2f,608,51
+1.02479e+11ns,42,Add Reactive,00:00:00:00:00:01,00:00:00:00:00:01,164,52
+1.02479e+11ns,27,Add Reactive,00:00:00:00:00:01,00:00:00:00:00:01,158,52
+1.0248e+11ns,21,Add Reactive,00:00:00:00:00:01,00:00:00:00:00:1c,317,52
+1.0248e+11ns,26,Add Reactive,00:00:00:00:00:01,00:00:00:00:00:2b,325,52
+1.02481e+11ns,46,Add Reactive,00:00:00:00:00:01,00:00:00:00:00:1b,476,52
+1.02484e+11ns,43,Add Reactive,00:00:00:00:00:01,00:00:00:00:00:2f,627,52
+1.04527e+11ns,42,Add Reactive,00:00:00:00:00:01,00:00:00:00:00:01,176,53
+1.04527e+11ns,27,Add Reactive,00:00:00:00:00:01,00:00:00:00:00:01,158,53
+1.04528e+11ns,21,Add Reactive,00:00:00:00:00:01,00:00:00:00:00:2b,780,53
+1.04528e+11ns,26,Add Reactive,00:00:00:00:00:01,00:00:00:00:00:2b,338,53
+1.04529e+11ns,21,Add Reactive,00:00:00:00:00:01,00:00:00:00:00:1c,310,53
+1.04531e+11ns,46,Add Reactive,00:00:00:00:00:01,00:00:00:00:00:1b,513,53
+1.04534e+11ns,43,Add Reactive,00:00:00:00:00:01,00:00:00:00:00:2f,664,53
+1.06575e+11ns,42,Add Reactive,00:00:00:00:00:01,00:00:00:00:00:01,173,54
+1.06575e+11ns,42,Add Proactive,00:00:00:00:00:01,00:00:00:00:00:01,173,54
+1.06575e+11ns,27,Add Reactive,00:00:00:00:00:01,00:00:00:00:00:01,156,54
+1.06575e+11ns,27,Add Proactive,00:00:00:00:00:01,00:00:00:00:00:01,156,54
+1.06576e+11ns,21,Add Reactive,00:00:00:00:00:01,00:00:00:00:00:2b,629,54
+1.06576e+11ns,21,Add Proactive,00:00:00:00:00:01,00:00:00:00:00:2b,629,54
+1.06576e+11ns,26,Add Reactive,00:00:00:00:00:01,00:00:00:00:00:2b,329,54
+1.06576e+11ns,26,Add Proactive,00:00:00:00:00:01,00:00:00:00:00:2b,329,54
+1.06577e+11ns,46,Add Reactive,00:00:00:00:00:01,00:00:00:00:00:1b,484,54
+1.06577e+11ns,46,Add Proactive,00:00:00:00:00:01,00:00:00:00:00:1b,484,54
+1.06577e+11ns,43,Add Reactive,00:00:00:00:00:01,00:00:00:00:00:2f,635,54
+1.06577e+11ns,43,Add Proactive,00:00:00:00:00:01,00:00:00:00:00:2f,635,54
+1.06578e+11ns,21,Add Reactive,00:00:00:00:00:01,00:00:00:00:00:1c,307,54
+1.06578e+11ns,21,Add Proactive,00:00:00:00:00:01,00:00:00:00:00:1c,307,54
+1.08623e+11ns,42,Add Reactive,00:00:00:00:00:01,00:00:00:00:00:01,216,55
+1.08623e+11ns,27,Add Reactive,00:00:00:00:00:01,00:00:00:00:00:01,177,55
+1.08624e+11ns,21,Add Reactive,00:00:00:00:00:01,00:00:00:00:00:2b,670,55
+1.08624e+11ns,26,Add Reactive,00:00:00:00:00:01,00:00:00:00:00:2b,371,55
+1.08625e+11ns,21,Add Reactive,00:00:00:00:00:01,00:00:00:00:00:1c,328,55
+1.08628e+11ns,46,Add Reactive,00:00:00:00:00:01,00:00:00:00:00:1b,582,55
+1.0863e+11ns,43,Add Reactive,00:00:00:00:00:01,00:00:00:00:00:2f,733,55
+1.10671e+11ns,42,Add Reactive,00:00:00:00:00:01,00:00:00:00:00:01,161,56
+1.10671e+11ns,42,Add Proactive,00:00:00:00:00:01,00:00:00:00:00:01,161,56
+1.10671e+11ns,27,Add Reactive,00:00:00:00:00:01,00:00:00:00:00:01,155,56
+1.10671e+11ns,27,Add Proactive,00:00:00:00:00:01,00:00:00:00:00:01,155,56
+1.10672e+11ns,21,Add Reactive,00:00:00:00:00:01,00:00:00:00:00:1c,400,56
+1.10673e+11ns,26,Add Reactive,00:00:00:00:00:01,00:00:00:00:00:2b,314,56
+1.10673e+11ns,26,Add Proactive,00:00:00:00:00:01,00:00:00:00:00:2b,314,56
+1.10673e+11ns,46,Add Reactive,00:00:00:00:00:01,00:00:00:00:00:1b,468,56
+1.10673e+11ns,46,Add Proactive,00:00:00:00:00:01,00:00:00:00:00:1b,468,56
+1.10674e+11ns,43,Add Reactive,00:00:00:00:00:01,00:00:00:00:00:2f,619,56
+1.10674e+11ns,43,Add Proactive,00:00:00:00:00:01,00:00:00:00:00:2f,619,56
+1.12719e+11ns,42,Add Reactive,00:00:00:00:00:01,00:00:00:00:00:01,161,57
+1.12719e+11ns,27,Add Reactive,00:00:00:00:00:01,00:00:00:00:00:01,158,57
+1.1272e+11ns,21,Add Reactive,00:00:00:00:00:01,00:00:00:00:00:1c,328,57
+1.1272e+11ns,21,Add Proactive,00:00:00:00:00:01,00:00:00:00:00:1c,328,57
+1.12721e+11ns,26,Add Reactive,00:00:00:00:00:01,00:00:00:00:00:2b,408,57
+1.12721e+11ns,46,Add Reactive,00:00:00:00:00:01,00:00:00:00:00:1b,575,57
+1.12722e+11ns,43,Add Reactive,00:00:00:00:00:01,00:00:00:00:00:2f,726,57
+1.14767e+11ns,42,Add Reactive,00:00:00:00:00:01,00:00:00:00:00:01,157,58
+1.14767e+11ns,42,Add Proactive,00:00:00:00:00:01,00:00:00:00:00:01,157,58
+1.14767e+11ns,27,Add Reactive,00:00:00:00:00:01,00:00:00:00:00:01,157,58
+1.14768e+11ns,21,Add Reactive,00:00:00:00:00:01,00:00:00:00:00:1c,309,58
+1.14768e+11ns,21,Add Proactive,00:00:00:00:00:01,00:00:00:00:00:1c,309,58
+1.14769e+11ns,26,Add Reactive,00:00:00:00:00:01,00:00:00:00:00:2b,336,58
+1.1477e+11ns,46,Add Reactive,00:00:00:00:00:01,00:00:00:00:00:1b,548,58
+1.1477e+11ns,43,Add Reactive,00:00:00:00:00:01,00:00:00:00:00:2f,699,58
+1.16815e+11ns,42,Add Reactive,00:00:00:00:00:01,00:00:00:00:00:01,153,59
+1.16815e+11ns,42,Add Proactive,00:00:00:00:00:01,00:00:00:00:00:01,153,59
+1.16815e+11ns,27,Add Reactive,00:00:00:00:00:01,00:00:00:00:00:01,155,59
+1.16815e+11ns,27,Add Proactive,00:00:00:00:00:01,00:00:00:00:00:01,155,59
+1.16816e+11ns,21,Add Reactive,00:00:00:00:00:01,00:00:00:00:00:1c,306,59
+1.16816e+11ns,21,Add Proactive,00:00:00:00:00:01,00:00:00:00:00:1c,306,59
+1.16817e+11ns,26,Add Reactive,00:00:00:00:00:01,00:00:00:00:00:2b,308,59
+1.16817e+11ns,26,Add Proactive,00:00:00:00:00:01,00:00:00:00:00:2b,308,59
+1.16818e+11ns,46,Add Reactive,00:00:00:00:00:01,00:00:00:00:00:1b,489,59
+1.16818e+11ns,46,Add Proactive,00:00:00:00:00:01,00:00:00:00:00:1b,489,59
+1.16818e+11ns,43,Add Reactive,00:00:00:00:00:01,00:00:00:00:00:2f,640,59
+1.16818e+11ns,43,Add Proactive,00:00:00:00:00:01,00:00:00:00:00:2f,640,59
+1.18863e+11ns,42,Add Reactive,00:00:00:00:00:01,00:00:00:00:00:01,161,60
+1.18863e+11ns,27,Add Reactive,00:00:00:00:00:01,00:00:00:00:00:01,161,60
+1.18864e+11ns,21,Add Reactive,00:00:00:00:00:01,00:00:00:00:00:1c,312,60
+1.18865e+11ns,26,Add Reactive,00:00:00:00:00:01,00:00:00:00:00:2b,399,60
+1.18866e+11ns,46,Add Reactive,00:00:00:00:00:01,00:00:00:00:00:1b,555,60
+1.18866e+11ns,43,Add Reactive,00:00:00:00:00:01,00:00:00:00:00:2f,706,60
+1.20911e+11ns,42,Add Reactive,00:00:00:00:00:01,00:00:00:00:00:01,329,61
+1.20911e+11ns,27,Add Reactive,00:00:00:00:00:01,00:00:00:00:00:01,160,61
+1.20912e+11ns,21,Add Reactive,00:00:00:00:00:01,00:00:00:00:00:2b,645,61
+1.20912e+11ns,26,Add Reactive,00:00:00:00:00:01,00:00:00:00:00:2b,484,61
+1.20914e+11ns,42,Add Reactive,00:00:00:00:00:01,00:00:00:00:00:1c,311,61
+1.20914e+11ns,21,Add Reactive,00:00:00:00:00:01,00:00:00:00:00:1c,311,61
+1.20914e+11ns,46,Add Reactive,00:00:00:00:00:01,00:00:00:00:00:1b,635,61
+1.20915e+11ns,43,Add Reactive,00:00:00:00:00:01,00:00:00:00:00:2f,786,61
+1.22959e+11ns,42,Add Reactive,00:00:00:00:00:01,00:00:00:00:00:01,323,62
+1.22959e+11ns,42,Add Proactive,00:00:00:00:00:01,00:00:00:00:00:01,323,62
+1.22959e+11ns,27,Add Reactive,00:00:00:00:00:01,00:00:00:00:00:01,230,62
+1.22959e+11ns,27,Add Proactive,00:00:00:00:00:01,00:00:00:00:00:01,230,62
+1.2296e+11ns,21,Add Reactive,00:00:00:00:00:01,00:00:00:00:00:1c,387,62
+1.2296e+11ns,21,Add Proactive,00:00:00:00:00:01,00:00:00:00:00:1c,387,62
+1.22961e+11ns,26,Add Reactive,00:00:00:00:00:01,00:00:00:00:00:2b,479,62
+1.22961e+11ns,26,Add Proactive,00:00:00:00:00:01,00:00:00:00:00:2b,479,62
+1.22962e+11ns,46,Add Reactive,00:00:00:00:00:01,00:00:00:00:00:1b,630,62
+1.22962e+11ns,46,Add Proactive,00:00:00:00:00:01,00:00:00:00:00:1b,630,62
+1.22962e+11ns,43,Add Reactive,00:00:00:00:00:01,00:00:00:00:00:2f,781,62
+1.22962e+11ns,43,Add Proactive,00:00:00:00:00:01,00:00:00:00:00:2f,781,62
